{
    "itemInfoList": [
        {
            "id": 0,
            "position": {
                "x": -35.5,
                "y": 0.0,
                "z": 0.0
            }
        },
        {
            "id": 0,
            "position": {
                "x": 6.900000095367432,
                "y": 0.0,
                "z": -12.199999809265137
            }
        }
    ]
}