{
    "itemInfoList": [
        {
            "id": 0,
            "position": {
                "x": 8.5,
                "y": 0.0,
                "z": -22.59000015258789
            }
        },
        {
            "id": 0,
            "position": {
                "x": 36.68000030517578,
                "y": 0.0,
                "z": -12.670000076293946
            }
        }
    ]
}